{"lr": 0.0009969939879759524, "data_time": 0.18656421184539795, "grad_norm": 3.1097813272476196, "loss": 1.0709763264656067, "loss_cls": 0.14555014595389365, "loss_bbox": 0.28250543266534806, "loss_centerness": 0.6429207468032837, "time": 0.679914231300354, "epoch": 1, "iter": 50, "memory": 2096, "step": 50}
{"lr": 0.0011639946559786254, "data_time": 0.0023285961151123047, "grad_norm": 2.706701521873474, "loss": 1.0339809930324555, "loss_cls": 0.1424266690015793, "loss_bbox": 0.253967367708683, "loss_centerness": 0.637586942911148, "time": 0.46234267234802245, "epoch": 1, "iter": 100, "memory": 2091, "step": 100}
{"lr": 0.0013309953239812988, "data_time": 0.0022986364364624024, "grad_norm": 3.2060723447799684, "loss": 1.051486222743988, "loss_cls": 0.15335771903395654, "loss_bbox": 0.2587630465626717, "loss_centerness": 0.6393654608726501, "time": 0.4690608835220337, "epoch": 1, "iter": 150, "memory": 2095, "step": 150}
{"lr": 0.0014979959919839718, "data_time": 0.0023381519317626953, "grad_norm": 2.8863074469566343, "loss": 1.0222606837749482, "loss_cls": 0.13554130531847478, "loss_bbox": 0.24929100900888443, "loss_centerness": 0.6374283695220947, "time": 0.4774105930328369, "epoch": 1, "iter": 200, "memory": 2099, "step": 200}
{"lr": 0.0016649966599866447, "data_time": 0.0014625024795532227, "grad_norm": 3.38567955493927, "loss": 1.0505619609355927, "loss_cls": 0.15860355973243714, "loss_bbox": 0.2549759384989738, "loss_centerness": 0.6369824576377868, "time": 0.5023234128952027, "epoch": 1, "iter": 250, "memory": 2084, "step": 250}
{"lr": 0.0018319973279893186, "data_time": 0.0013771009445190429, "grad_norm": 3.465129497051239, "loss": 1.0834848666191101, "loss_cls": 0.16513909809291363, "loss_bbox": 0.2791635951399803, "loss_centerness": 0.6391821765899658, "time": 0.5262222528457642, "epoch": 1, "iter": 300, "memory": 2124, "step": 300}
{"lr": 0.00199899799599199, "data_time": 0.0015723419189453125, "grad_norm": 3.1797853231430055, "loss": 1.0340859174728394, "loss_cls": 0.14838863119482995, "loss_bbox": 0.24713899105787276, "loss_centerness": 0.6385582959651948, "time": 0.564303388595581, "epoch": 1, "iter": 350, "memory": 2102, "step": 350}
{"lr": 0.0021659986639946645, "data_time": 0.0026871728897094726, "grad_norm": 3.3350944900512696, "loss": 1.0759945225715637, "loss_cls": 0.16041830644011498, "loss_bbox": 0.2745989540219307, "loss_centerness": 0.6409772646427154, "time": 0.5760599279403686, "epoch": 1, "iter": 400, "memory": 2110, "step": 400}
