{"lr": 0.001993987975951905, "data_time": 0.2056335401535034, "grad_norm": 6.239492440223694, "loss": 1.133592448234558, "loss_rpn_cls": 0.40260909497737885, "loss_rpn_bbox": 0.046563856154680255, "loss_cls": 0.30104358837008477, "acc": 92.08984375, "loss_bbox": 0.38337590515613557, "time": 1.0600095081329346, "epoch": 1, "iter": 50, "memory": 2487, "step": 50}
