{"lr": 0.0009969939879759524, "data_time": 0.18825192928314208, "grad_norm": 3.2316850805282593, "loss": 1.048492623567581, "loss_cls": 0.14292218543589116, "loss_bbox": 0.2651145252585411, "loss_centerness": 0.6404559135437011, "time": 0.6879734659194946, "epoch": 1, "iter": 50, "memory": 2105, "step": 50}
{"lr": 0.0011639946559786254, "data_time": 0.0027355480194091795, "grad_norm": 3.4402371406555177, "loss": 1.0748690891265869, "loss_cls": 0.15928240984678269, "loss_bbox": 0.2759577217698097, "loss_centerness": 0.6396289503574372, "time": 0.47242074012756347, "epoch": 1, "iter": 100, "memory": 2092, "step": 100}
{"lr": 0.0013309953239812988, "data_time": 0.00213040828704834, "grad_norm": 2.8198642468452455, "loss": 1.0231202626228333, "loss_cls": 0.1300983200967312, "loss_bbox": 0.25390615582466125, "loss_centerness": 0.639115788936615, "time": 0.48132049560546875, "epoch": 1, "iter": 150, "memory": 2107, "step": 150}
{"lr": 0.0014979959919839718, "data_time": 0.002245750427246094, "grad_norm": 2.9643937826156614, "loss": 1.0368987226486206, "loss_cls": 0.14302860014140606, "loss_bbox": 0.25441476672887803, "loss_centerness": 0.6394553482532501, "time": 0.5154164695739746, "epoch": 1, "iter": 200, "memory": 2099, "step": 200}
{"lr": 0.0016649966599866447, "data_time": 0.002088632583618164, "grad_norm": 3.052680354118347, "loss": 1.046584974527359, "loss_cls": 0.150530901029706, "loss_bbox": 0.25776515185832977, "loss_centerness": 0.6382889187335968, "time": 0.5435220146179199, "epoch": 1, "iter": 250, "memory": 2109, "step": 250}
{"lr": 0.0018319973279893186, "data_time": 0.0017340326309204103, "grad_norm": 3.1201703476905824, "loss": 1.0393594467639924, "loss_cls": 0.14942106291651724, "loss_bbox": 0.25173901855945585, "loss_centerness": 0.6381993627548218, "time": 0.6039410924911499, "epoch": 1, "iter": 300, "memory": 2102, "step": 300}
{"lr": 0.00199899799599199, "data_time": 0.0023538494110107422, "grad_norm": 3.172793173789978, "loss": 1.0638731276988984, "loss_cls": 0.14995290115475654, "loss_bbox": 0.27576142847537993, "loss_centerness": 0.6381588017940522, "time": 0.6144623279571533, "epoch": 1, "iter": 350, "memory": 2124, "step": 350}
{"lr": 0.0021659986639946645, "data_time": 0.0020588016510009765, "grad_norm": 3.1525379705429075, "loss": 1.0486595559120178, "loss_cls": 0.15354857519268988, "loss_bbox": 0.25693715929985045, "loss_centerness": 0.6381738185882568, "time": 0.6171458625793457, "epoch": 1, "iter": 400, "memory": 2095, "step": 400}
{"dota/mAP": 0.5161149638704956, "dota/AP50": 0.895, "dota/AP55": 0.889, "dota/AP60": 0.883, "dota/AP65": 0.856, "dota/AP70": 0.727, "dota/AP75": 0.521, "dota/AP80": 0.274, "dota/AP85": 0.091, "dota/AP90": 0.023, "dota/AP95": 0.003, "data_time": 0.11730427925403301, "time": 0.26928674945464504, "step": 1}
{"lr": 0.002396459585838352, "data_time": 0.0029406356811523438, "grad_norm": 2.8293617963790894, "loss": 1.0389894104003907, "loss_cls": 0.14691259518265723, "loss_bbox": 0.25438027769327165, "loss_centerness": 0.6376965355873108, "time": 0.5045453596115113, "epoch": 2, "iter": 469, "memory": 2105, "step": 469}
{"lr": 0.002500000000000011, "data_time": 0.002183833122253418, "grad_norm": 2.837474834918976, "loss": 1.0331128811836243, "loss_cls": 0.1384145723283291, "loss_bbox": 0.256554679274559, "loss_centerness": 0.638143630027771, "time": 0.5623287105560303, "epoch": 2, "iter": 519, "memory": 2099, "step": 519}
{"lr": 0.002500000000000011, "data_time": 0.0022675609588623047, "grad_norm": 2.713466603755951, "loss": 1.0164048647880555, "loss_cls": 0.13530366227030755, "loss_bbox": 0.24353060990571976, "loss_centerness": 0.6375705993175507, "time": 0.6150165891647339, "epoch": 2, "iter": 569, "memory": 2097, "step": 569}
{"lr": 0.002500000000000011, "data_time": 0.0026444911956787108, "grad_norm": 3.0878651928901673, "loss": 1.035362137556076, "loss_cls": 0.14501833602786063, "loss_bbox": 0.25329629838466644, "loss_centerness": 0.6370475041866303, "time": 0.6817262125015259, "epoch": 2, "iter": 619, "memory": 2109, "step": 619}
{"lr": 0.002500000000000011, "data_time": 0.0032557249069213867, "grad_norm": 3.4226417756080627, "loss": 1.0602487158775329, "loss_cls": 0.1507580429315567, "loss_bbox": 0.2713259360194206, "loss_centerness": 0.6381647384166718, "time": 0.7069123601913452, "epoch": 2, "iter": 669, "memory": 2124, "step": 669}
{"lr": 0.002500000000000011, "data_time": 0.0027558708190917967, "grad_norm": 3.269150023460388, "loss": 1.0465516149997711, "loss_cls": 0.1586312846839428, "loss_bbox": 0.2501507318019867, "loss_centerness": 0.6377695965766906, "time": 0.7302880191802978, "epoch": 2, "iter": 719, "memory": 2096, "step": 719}
{"lr": 0.002500000000000011, "data_time": 0.002380070686340332, "grad_norm": 2.8046808004379273, "loss": 1.032009574174881, "loss_cls": 0.1395939114689827, "loss_bbox": 0.2543481910228729, "loss_centerness": 0.6380674803256988, "time": 0.7622681951522827, "epoch": 2, "iter": 769, "memory": 2099, "step": 769}
{"lr": 0.002500000000000011, "data_time": 0.002644166946411133, "grad_norm": 2.709526045322418, "loss": 1.023598780632019, "loss_cls": 0.1347167931497097, "loss_bbox": 0.25201845794916156, "loss_centerness": 0.6368635272979737, "time": 0.8119296264648438, "epoch": 2, "iter": 819, "memory": 2089, "step": 819}
{"dota/mAP": 0.5456196327926591, "dota/AP50": 0.9, "dota/AP55": 0.896, "dota/AP60": 0.891, "dota/AP65": 0.877, "dota/AP70": 0.774, "dota/AP75": 0.627, "dota/AP80": 0.35, "dota/AP85": 0.121, "dota/AP90": 0.018, "dota/AP95": 0.001, "data_time": 0.001950563703264509, "time": 0.18083866210210892, "step": 2}
{"lr": 0.002500000000000011, "data_time": 0.002996821403503418, "grad_norm": 2.4573357772827147, "loss": 1.001727899312973, "loss_cls": 0.12973094157874585, "loss_bbox": 0.23684063225984572, "loss_centerness": 0.6351563191413879, "time": 0.513447813987732, "epoch": 3, "iter": 888, "memory": 2107, "step": 888}
{"lr": 0.002500000000000011, "data_time": 0.0027421283721923827, "grad_norm": 2.994086802005768, "loss": 1.050394549369812, "loss_cls": 0.15160144865512848, "loss_bbox": 0.26229018092155454, "loss_centerness": 0.636502923965454, "time": 0.558478593826294, "epoch": 3, "iter": 938, "memory": 2096, "step": 938}
{"lr": 0.002500000000000011, "data_time": 0.0027631568908691407, "grad_norm": 2.8212469840049743, "loss": 1.0207215225696564, "loss_cls": 0.14251734770834446, "loss_bbox": 0.24345294535160064, "loss_centerness": 0.6347512340545655, "time": 0.6996234941482544, "epoch": 3, "iter": 988, "memory": 2102, "step": 988}
{"lr": 0.002500000000000011, "data_time": 0.003018965721130371, "grad_norm": 2.6390407872200012, "loss": 1.0182997941970826, "loss_cls": 0.1310141682624817, "loss_bbox": 0.24816073417663576, "loss_centerness": 0.6391248905658722, "time": 0.7790025854110718, "epoch": 3, "iter": 1038, "memory": 2124, "step": 1038}
{"lr": 0.002500000000000011, "data_time": 0.002732234001159668, "grad_norm": 3.0104183387756347, "loss": 1.0180382442474365, "loss_cls": 0.13852390259504319, "loss_bbox": 0.2449164029955864, "loss_centerness": 0.6345979332923889, "time": 0.8231558609008789, "epoch": 3, "iter": 1088, "memory": 2092, "step": 1088}
{"lr": 0.002500000000000011, "data_time": 0.002631964683532715, "grad_norm": 3.470882680416107, "loss": 1.05588081240654, "loss_cls": 0.1580875426530838, "loss_bbox": 0.2601389202475548, "loss_centerness": 0.6376543498039245, "time": 0.8593199586868286, "epoch": 3, "iter": 1138, "memory": 2093, "step": 1138}
{"lr": 0.002500000000000011, "data_time": 0.003123812675476074, "grad_norm": 2.895112614631653, "loss": 1.0348043179512023, "loss_cls": 0.14332525968551635, "loss_bbox": 0.2518480309844017, "loss_centerness": 0.6396310269832611, "time": 0.8680815172195434, "epoch": 3, "iter": 1188, "memory": 2097, "step": 1188}
{"lr": 0.002500000000000011, "data_time": 0.0025580930709838867, "grad_norm": 2.399696810245514, "loss": 1.0011709582805635, "loss_cls": 0.13691837087273598, "loss_bbox": 0.23056555181741714,