{"lr": 0.001993987975951905, "data_time": 0.19391066551208497, "grad_norm": 8.803199138641357, "loss": 1.2694233590364457, "loss_rpn_cls": 0.034791740432847294, "loss_rpn_bbox": 0.02446204741485417, "s0.loss_cls": 0.17076884634792805, "s0.acc": 95.703125, "s0.loss_bbox": 0.19087391391396522, "s1.loss_cls": 0.14353979885578155, "s1.acc": 98.2973861694336, "s1.loss_bbox": 0.7049870121479035, "time": 0.9091851758956909, "epoch": 1, "iter": 50, "memory": 2645, "step": 50}
{"lr": 0.0023279893119572508, "data_time": 0.002343153953552246, "grad_norm": 8.262727251052857, "loss": 1.2656169682741165, "loss_rpn_cls": 0.0181172676384449, "loss_rpn_bbox": 0.020501361889764667, "s0.loss_cls": 0.14221887849271297, "s0.acc": 97.8515625, "s0.loss_bbox": 0.21141980193555354, "s1.loss_cls": 0.11270571731030941, "s1.acc": 98.42364501953125, "s1.loss_bbox": 0.7606539231538773, "time": 0.6741491794586182, "epoch": 1, "iter": 100, "memory": 2645, "step": 100}
{"lr": 0.0026619906479625976, "data_time": 0.004630851745605469, "grad_norm": 8.64458251953125, "loss": 1.3322252488136292, "loss_rpn_cls": 0.021976813338696957, "loss_rpn_bbox": 0.020711312633939088, "s0.loss_cls": 0.16466794826090336, "s0.acc": 95.8984375, "s0.loss_bbox": 0.2132344413548708, "s1.loss_cls": 0.1429486630856991, "s1.acc": 95.773193359375, "s1.loss_bbox": 0.7686860698461533, "time": 0.7493421554565429, "epoch": 1, "iter": 150, "memory": 2645, "step": 150}
{"lr": 0.0029959919839679435, "data_time": 0.002895817756652832, "grad_norm": 7.442655429840088, "loss": 1.2955481970310212, "loss_rpn_cls": 0.02096528471680358, "loss_rpn_bbox": 0.02452152665704489, "s0.loss_cls": 0.15361916929483413, "s0.acc": 95.01953125, "s0.loss_bbox": 0.19600788578391076, "s1.loss_cls": 0.12467008728533983, "s1.acc": 96.31147003173828, "s1.loss_bbox": 0.7757642412185669, "time": 0.8256232595443725, "epoch": 1, "iter": 200, "memory": 2645, "step": 200}
{"lr": 0.0033299933199732895, "data_time": 0.0017022466659545898, "grad_norm": 6.86356201171875, "loss": 1.2870641803741456, "loss_rpn_cls": 0.016609126608818768, "loss_rpn_bbox": 0.021336028706282376, "s0.loss_cls": 0.14470055766403675, "s0.acc": 95.1171875, "s0.loss_bbox": 0.1990591837465763, "s1.loss_cls": 0.11680933427065611, "s1.acc": 95.8560562133789, "s1.loss_bbox": 0.7885499447584152, "time": 0.895417103767395, "epoch": 1, "iter": 250, "memory": 2645, "step": 250}
{"lr": 0.003663994655978637, "data_time": 0.001674351692199707, "grad_norm": 6.968680353164673, "loss": 1.2696500098705292, "loss_rpn_cls": 0.020120436046272516, "loss_rpn_bbox": 0.021801902251318096, "s0.loss_cls": 0.1491427555680275, "s0.acc": 91.9921875, "s0.loss_bbox": 0.19902691934257746, "s1.loss_cls": 0.12494981326162816, "s1.acc": 95.3974838256836, "s1.loss_bbox": 0.7546081936359406, "time": 0.9390545082092285, "epoch": 1, "iter": 300, "memory": 2645, "step": 300}
{"lr": 0.00399799599198398, "data_time": 0.0013431739807128907, "grad_norm": 7.759339051246643, "loss": 1.356775768995285, "loss_rpn_cls": 0.03317092781886458, "loss_rpn_bbox": 0.022273551137186588, "s0.loss_cls": 0.16019168481230736, "s0.acc": 95.703125, "s0.loss_bbox": 0.20390753224492073, "s1.loss_cls": 0.12029005464166403, "s1.acc": 92.96875, "s1.loss_bbox": 0.8169420170783996, "time": 0.9180957365036011, "epoch": 1, "iter": 350, "memory": 2645, "step": 350}
{"lr": 0.004331997327989329, "data_time": 0.002237429618835449, "grad_norm": 7.114510502815246, "loss": 1.3274965876340865, "loss_rpn_cls": 0.04408765601925552, "loss_rpn_bbox": 0.021614099908620118, "s0.loss_cls": 0.17779645204544067, "s0.acc": 90.13671875, "s0.loss_bbox": 0.2082342191040516, "s1.loss_cls": 0.15046361315995455, "s1.acc": 94.06880187988281, "s1.loss_bbox": 0.7253005495667457, "time": 0.9835051679611206, "epoch": 1, "iter": 400, "memory": 2645, "step": 400}
{"dota/mAP": 0.4769063529500272, "dota/AP50": 0.887, "dota/AP55": 0.884, "dota/AP60": 0.875, "dota/AP65": 0.773, "dota/AP70": 0.647, "dota/AP75": 0.463, "dota/AP80": 0.182, "dota/AP85": 0.053, "dota/AP90": 0.005, "dota/AP95": 0.001, "data_time": 0.10324459580274728, "time": 0.34811864449427676, "step": 1}
{"lr": 0.004792919171676704, "data_time": 0.002521686553955078, "grad_norm": 6.33784291267395, "loss": 1.3191532456874848, "loss_rpn_cls": 0.025200795223936437, "loss_rpn_bbox": 0.023365978552028537, "s0.loss_cls": 0.157230903506279, "s0.acc": 95.41015625, "s0.loss_bbox": 0.1957043182104826, "s1.loss_cls": 0.13589101053774358, "s1.acc": 98.5247573852539, "s1.loss_bbox": 0.7817602336406708, "time": 0.6979680538177491, "epoch": 2, "iter": 469, "memory": 2645, "step": 469}
{"lr": 0.005000000000000022, "data_time": 0.0027790307998657227, "grad_norm": 7.223096647262573, "loss": 1.4248839616775513, "loss_rpn_cls": 0.04094168983399868, "loss_rpn_bbox": 0.02646838430315256, "s0.loss_cls": 0.18947963207960128, "s0.acc": 92.08984375, "s0.loss_bbox": 0.22393219985067844, "s1.loss_cls": 0.1689559617638588, "s1.acc": 94.80122375488281, "s1.loss_bbox": 0.7751060879230499, "time": 0.8004204845428466, "epoch": 2, "iter": 519, "memory": 2645, "step": 519}
{"lr": 0.005000000000000022, "data_time": 0.00209686279296875, "grad_norm": 6.298979959487915, "loss": 1.3884123647212983, "loss_rpn_cls": 0.02735646141692996, "loss_rpn_bbox": 0.024440436102449895, "s0.loss_cls": 0.18563348099589347, "s0.acc": 95.1171875, "s0.loss_bbox": 0.21613095179200173, "s1.loss_cls": 0.15540462642908096, "s1.acc": 97.68907928466797, "s1.loss_bbox": 0.7794464123249054, "time": 0.9095269584655762, "epoch": 2, "iter": 569, "memory": 2645, "step": 569}
{"lr": 0.005000000000000022, "data_time": 0.000992903709411621, "grad_norm": 5.6570582723617555, "loss": 1.1665994840860368, "loss_rpn_cls": 0.019900307159405203, "loss_rpn_bbox": 0.020478941169567406, "s0.loss_cls": 0.15139170616865158, "s0.acc": 92.578125, "s0.loss_bbox": 0.17372398979961873, "s1.loss_cls": 0.12877742867916822, "s1.acc": 93.97827911376953, "s1.loss_bbox": 0.6723271109163761, "time": 0.9638752222061158, "epoch": 2, "iter": 619, "memory": 2645, "step": 619}
{"lr": 0.005000000000000022, "data_time": 0.0019814538955688476, "grad_norm": 5.59847882270813, "loss": 1.2593418788909911, "loss_rpn_cls": 0.01896694547496736, "loss_rpn_bbox": 0.022546955570578574, "s0.loss_cls": 0.1598185683786869, "s0.acc": 95.21484375, "s0.loss_bbox": 0.18611057437956333, "s1.loss_cls": 0.11959356851875783, "s1.acc": 98.32215118408203, "s1.loss_bbox": 0.752305279970169, "time": 1.0688873624801636, "epoch": 2, "iter": 669, "memory": 2645, "step": 669}
{"lr": 0.005000000000000022, "data_time": 0.0015198278427124023, "grad_norm": 6.332147860527039, "loss": 1.3484043991565704, "loss_rpn_cls": 0.022538332785479724, "loss_rpn_bbox": 0.022085883850231768, "s0.loss_cls": 0.1669358940422535, "s0.acc": 94.921875, "s0.loss_bbox": 0.21274147503077984, "s1.loss_cls": 0.1335293847322464, "s1.acc": 94.03141021728516, "s1.loss_bbox": 0.7905734270811081, "time": 1.0235426616668701, "epoch": 2, "iter": 719, "memory": 2645, "step": 719}
{"lr": 0.005000000000000022, "data_time": 0.003410005569458008, "grad_norm": 6.233694405555725, "loss": 1.3538434302806854, "loss_rpn_cls": 0.022248464273288845, "loss_rpn_bbox": 0.022881424208171665, "s0.loss_cls": 0.17093095406889916, "s0.acc": 87.109375, "s0.loss_bbox": 0.1965535905957222, "s1.loss_cls": 0.1365120331197977, "s1.acc": 90.03083801269531, "s1.loss_bbox": 0.8047169625759125, "time": 1.0396297979354858, "epoch": 2, "iter": 769, "memory": 2645, "step": 769}
{"lr": 0.005000000000000022, "data_time": 0.0019869709014892576, "grad_norm": 5.400099534988403, "loss": 1.2914770424365998, "loss_rpn_cls": 0.0251890778914094, "loss_rpn_bbox": 0.02107791155576706, "s0.loss_cls": 0.15961910739541055, "s0.acc": 93.26171875, "s0.loss_bbox": 0.1942737591266632, "s1.loss_cls": 0.12553376980125905, "s1.acc": 98.08840942382812, "s1.loss_bbox": 0.7657834076881409, "time": 1.0546522903442384, "epoch": 2, "iter": 819, "memory": 2645, "step": 819}
{"dota/mAP": 0.49423640964669174, "dota/AP50": 0.897, "dota/AP55": 0.891,